Split Points,Information Gains
2.0,0.14269027946047552
3.5,0.002565287367137681
4.5,0.07278022578373267
5.5,0.007214618474517431
6.5,0.018310781820059074
7.5,0.10218717094933338
