Attribute,Gini Index
A1,0.34444444444444433
A2,0.34444444444444433
Best Split,A2
